"ID","Name","Species","GeneID","Family","Evidence"
"T000021_2.00","bnl","Drosophila_melanogaster","FBgn0014135","ABF1","D"
"T011069_2.00","AP-2","Drosophila_melanogaster","FBgn0261953","AP-2","D"
"T014858_2.00","retn","Drosophila_melanogaster","FBgn0004795","ARID/BRIGHT","D"
"T017483_2.00","Xrp1","Drosophila_melanogaster","FBgn0261113","AT hook","D"
"T026337_2.00","BEAF-32","Drosophila_melanogaster","FBgn0015602","BED ZF","D"
"T026338_2.00","Dref","Drosophila_melanogaster","FBgn0015664","BED ZF","D"
"T038386_2.00","ac","Drosophila_melanogaster","FBgn0000022","bHLH","D"
"T038403_2.00","amos","Drosophila_melanogaster","FBgn0003270","bHLH","D"
"T038387_2.00","ase","Drosophila_melanogaster","FBgn0000137","bHLH","D"
"T038409_2.00","ato","Drosophila_melanogaster","FBgn0010433","bHLH","D"
"T038449_2.00","bigmax","Drosophila_melanogaster","FBgn0039509","bHLH","D"
"T038429_2.00","cato","Drosophila_melanogaster","FBgn0024249","bHLH","D"
"T038452_2.00","CG33557","Drosophila_melanogaster","FBgn0053557","bHLH","D"
"T038425_2.00","Clk","Drosophila_melanogaster","FBgn0023076","bHLH","D"
"T038392_2.00","crp","Drosophila_melanogaster","FBgn0001994","bHLH","D"
"T039049_2.00","cwo","Drosophila_melanogaster","FBgn0259938","bHLH","D"
"T038427_2.00","cyc","Drosophila_melanogaster","FBgn0023094","bHLH","D"
"T038388_2.00","da","Drosophila_melanogaster","FBgn0000413","bHLH","D"
"T038426_2.00","dimm","Drosophila_melanogaster","FBgn0023091","bHLH","D"
"T039054_2.00","dm","Drosophila_melanogaster","FBgn0262656","bHLH","D"
"T038408_2.00","dpn","Drosophila_melanogaster","FBgn0010109","bHLH","D"
"T038448_2.00","dys","Drosophila_melanogaster","FBgn0039411","bHLH","D"
"T038394_2.00","E(spl)m3-HLH","Drosophila_melanogaster","FBgn0002609","bHLH","D"
"T038395_2.00","E(spl)m5-HLH","Drosophila_melanogaster","FBgn0002631","bHLH","D"
"T038396_2.00","E(spl)m7-HLH","Drosophila_melanogaster","FBgn0002633","bHLH","D"
"T038390_2.00","E(spl)m8-HLH","Drosophila_melanogaster","FBgn0000591","bHLH","D"
"T038398_2.00","E(spl)mbeta-HLH","Drosophila_melanogaster","FBgn0002733","bHLH","D"
"T038399_2.00","E(spl)mdelta-HLH","Drosophila_melanogaster","FBgn0002734","bHLH","D"
"T038400_2.00","E(spl)mgamma-HLH","Drosophila_melanogaster","FBgn0002735","bHLH","D"
"T038444_2.00","Fer1","Drosophila_melanogaster","FBgn0037475","bHLH","D"
"T038447_2.00","Fer2","Drosophila_melanogaster","FBgn0038402","bHLH","D"
"T038446_2.00","Fer3","Drosophila_melanogaster","FBgn0037937","bHLH","D"
"T038391_2.00","h","Drosophila_melanogaster","FBgn0001168","bHLH","D"
"T038440_2.00","Hand","Drosophila_melanogaster","FBgn0032209","bHLH","D"
"T038439_2.00","Her","Drosophila_melanogaster","FBgn0030899","bHLH","D"
"T038434_2.00","Hey","Drosophila_melanogaster","FBgn0027788","bHLH","D"
"T039051_2.00","HLH106","Drosophila_melanogaster","FBgn0261283","bHLH","D"
"T038411_2.00","HLH4C","Drosophila_melanogaster","FBgn0011277","bHLH","D"
"T038422_2.00","HLH54F","Drosophila_melanogaster","FBgn0022740","bHLH","D"
"T038393_2.00","l(1)sc","Drosophila_melanogaster","FBgn0002561","bHLH","D"
"T038420_2.00","Max","Drosophila_melanogaster","FBgn0017578","bHLH","D"
"T038397_2.00","Met","Drosophila_melanogaster","FBgn0002723","bHLH","D"
"T038443_2.00","Mio","Drosophila_melanogaster","FBgn0032940","bHLH","D"
"T039056_2.00","Mitf","Drosophila_melanogaster","FBgn0263112","bHLH","D"
"T038428_2.00","Mnt","Drosophila_melanogaster","FBgn0023215","bHLH","D"
"T038401_2.00","nau","Drosophila_melanogaster","FBgn0002922","bHLH","D"
"T038402_2.00","net","Drosophila_melanogaster","FBgn0002931","bHLH","D"
"T038441_2.00","Oli","Drosophila_melanogaster","FBgn0032651","bHLH","D"
"T038445_2.00","sage","Drosophila_melanogaster","FBgn0037672","bHLH","D"
"T038406_2.00","sc","Drosophila_melanogaster","FBgn0004170","bHLH","D"
"T038442_2.00","Side","Drosophila_melanogaster","FBgn0032741","bHLH","D"
"T038407_2.00","sim","Drosophila_melanogaster","FBgn0004666","bHLH","D"
"T038404_2.00","ss","Drosophila_melanogaster","FBgn0003513","bHLH","D"
"T038450_2.00","tai","Drosophila_melanogaster","FBgn0041092","bHLH","D"
"T038417_2.00","tap","Drosophila_melanogaster","FBgn0015550","bHLH","D"
"T039058_2.00","tgo","Drosophila_melanogaster","FBgn0264075","bHLH","D"
"T038405_2.00","twi","Drosophila_melanogaster","FBgn0003900","bHLH","D"
"T039057_2.00","tx","Drosophila_melanogaster","FBgn0263118","bHLH","D"
"T038438_2.00","Usf","Drosophila_melanogaster","FBgn0029711","bHLH","D"
"T055663_2.00","brk","Drosophila_melanogaster","FBgn0024250","Brinker","D"
"T062297_2.00","Atf-2","Drosophila_melanogaster","FBgn0265193","bZIP","D"
"T062077_2.00","Atf3","Drosophila_melanogaster","FBgn0028550","bZIP","D"
"T062079_2.00","Atf6","Drosophila_melanogaster","FBgn0033010","bZIP","D"
"T062078_2.00","CG18619","Drosophila_melanogaster","FBgn0032202","bZIP","D"
"T062082_2.00","CG6272","Drosophila_melanogaster","FBgn0036126","bZIP","D"
"T062081_2.00","CG7786","Drosophila_melanogaster","FBgn0034096","bZIP","D"
"T062067_2.00","crc","Drosophila_melanogaster","FBgn0000370","bZIP","D"
"T062072_2.00","CrebA","Drosophila_melanogaster","FBgn0004396","bZIP","D"
"T062299_2.00","CrebB-17A","Drosophila_melanogaster","FBgn0265784","bZIP","D"
"T062294_2.00","FBgn0262975","Drosophila_melanogaster","FBgn0262975","bZIP","D"
"T062069_2.00","gt","Drosophila_melanogaster","FBgn0001150","bZIP","D"
"T062070_2.00","Jra","Drosophila_melanogaster","FBgn0001291","bZIP","D"
"T062071_2.00","kay","Drosophila_melanogaster","FBgn0001297","bZIP","D"
"T062075_2.00","Pdp1","Drosophila_melanogaster","FBgn0016694","bZIP","D"
"T062073_2.00","slbo","Drosophila_melanogaster","FBgn0005638","bZIP","D"
"T062068_2.00","tj","Drosophila_melanogaster","FBgn0000964","bZIP","D"
"T062074_2.00","vri","Drosophila_melanogaster","FBgn0016076","bZIP","D"
"T062076_2.00","Xbp1","Drosophila_melanogaster","FBgn0021872","bZIP","D"
"T117228_2.00","ab","Drosophila_melanogaster","FBgn0264442","C2H2 ZF","D"
"T114425_2.00","Aef1","Drosophila_melanogaster","FBgn0005694","C2H2 ZF","D"
"T114523_2.00","Blimp-1","Drosophila_melanogaster","FBgn0035625","C2H2 ZF","D"
"T114422_2.00","bowl","Drosophila_melanogaster","FBgn0004893","C2H2 ZF","D"
"T114387_2.00","br","Drosophila_melanogaster","FBgn0000210","C2H2 ZF","D"
"T082038_2.00","BRC1_DROME","Drosophila_melanogaster","BRC1_DROME","C2H2 ZF","D"
"T114388_2.00","btd","Drosophila_melanogaster","FBgn0000233","C2H2 ZF","D"
"T114453_2.00","Bteb2","Drosophila_melanogaster","FBgn0025679","C2H2 ZF","D"
"T114596_2.00","cbt","Drosophila_melanogaster","FBgn0043364","C2H2 ZF","D"
"T114390_2.00","Cf2","Drosophila_melanogaster","FBgn0000286","C2H2 ZF","D"
"T114532_2.00","CG10654","Drosophila_melanogaster","FBgn0036294","C2H2 ZF","D"
"T114597_2.00","CG12219","Drosophila_melanogaster","FBgn0043796","C2H2 ZF","D"
"T114464_2.00","CG12236","Drosophila_melanogaster","FBgn0029822","C2H2 ZF","D"
"T114522_2.00","CG12605","Drosophila_melanogaster","FBgn0035481","C2H2 ZF","D"
"T114498_2.00","CG12769","Drosophila_melanogaster","FBgn0033252","C2H2 ZF","D"
"T114541_2.00","CG14667","Drosophila_melanogaster","FBgn0037317","C2H2 ZF","D"
"T114569_2.00","CG17802","Drosophila_melanogaster","FBgn0038549","C2H2 ZF","D"
"T117223_2.00","CG2052","Drosophila_melanogaster","FBgn0262636","C2H2 ZF","D"
"T114515_2.00","CG3065","Drosophila_melanogaster","FBgn0034946","C2H2 ZF","D"
"T114605_2.00","CG31388","Drosophila_melanogaster","FBgn0051388","C2H2 ZF","D"
"T114486_2.00","CG3407","Drosophila_melanogaster","FBgn0031573","C2H2 ZF","D"
"T117220_2.00","CG42741","Drosophila_melanogaster","FBgn0261705","C2H2 ZF","D"
"T114577_2.00","CG4360","Drosophila_melanogaster","FBgn0038787","C2H2 ZF","D"
"T114573_2.00","CG4424","Drosophila_melanogaster","FBgn0038765","C2H2 ZF","D"
"T114574_2.00","CG4854","Drosophila_melanogaster","FBgn0038766","C2H2 ZF","D"
"T114531_2.00","CG7368","Drosophila_melanogaster","FBgn0036179","C2H2 ZF","D"
"T114527_2.00","CG7386","Drosophila_melanogaster","FBgn0035691","C2H2 ZF","D"
"T114585_2.00","CG7928","Drosophila_melanogaster","FBgn0039740","C2H2 ZF","D"
"T114544_2.00","CG8145","Drosophila_melanogaster","FBgn0037617","C2H2 ZF","D"
"T114552_2.00","CG8319","Drosophila_melanogaster","FBgn0037722","C2H2 ZF","D"
"T114419_2.00","ci","Drosophila_melanogaster","FBgn0004859","C2H2 ZF","D"
"T114497_2.00","Clamp","Drosophila_melanogaster","FBgn0032979","C2H2 ZF","D"
"T114441_2.00","crol","Drosophila_melanogaster","FBgn0020309","C2H2 ZF","D"
"T114529_2.00","CTCF","Drosophila_melanogaster","FBgn0035769","C2H2 ZF","D"
"T114447_2.00","D19A","Drosophila_melanogaster","FBgn0022935","C2H2 ZF","D"
"T114443_2.00","D19B","Drosophila_melanogaster","FBgn0022699","C2H2 ZF","D"
"T117225_2.00","dar1","Drosophila_melanogaster","FBgn0263239","C2H2 ZF","D"
"T114485_2.00","erm","Drosophila_melanogaster","FBgn0031375","C2H2 ZF","D"
"T114398_2.00","esg","Drosophila_melanogaster","FBgn0001981","C2H2 ZF","D"
"T114417_2.00","fru","Drosophila_melanogaster","FBgn0004652","C2H2 ZF","D"
"T114416_2.00","gl","Drosophila_melanogaster","FBgn0004618","C2H2 ZF","D"
"T114395_2.00","hb","Drosophila_melanogaster","FBgn0001180","C2H2 ZF","D"
"T114396_2.00","her","Drosophila_melanogaster","FBgn0001185","C2H2 ZF","D"
"T117214_2.00","hkb","Drosophila_melanogaster","FBgn0261434","C2H2 ZF","D"
"T114456_2.00","jim","Drosophila_melanogaster","FBgn0027339","C2H2 ZF","D"
"T114519_2.00","Kah","Drosophila_melanogaster","FBgn0035144","C2H2 ZF","D"
"T114428_2.00","ken","Drosophila_melanogaster","FBgn0011236","C2H2 ZF","D"
"T114435_2.00","klu","Drosophila_melanogaster","FBgn0013469","C2H2 ZF","D"
"T114397_2.00","Kr","Drosophila_melanogaster","FBgn0001325","C2H2 ZF","D"
"T117232_2.00","l(3)neo38","Drosophila_melanogaster","FBgn0265276","C2H2 ZF","D"
"T114578_2.00","lmd","Drosophila_melanogaster","FBgn0039039","C2H2 ZF","D"
"T114423_2.00","lola","Drosophila_melanogaster","FBgn0005630","C2H2 ZF","D"
"T114591_2.00","luna","Drosophila_melanogaster","FBgn0040765","C2H2 ZF","D"
"T117234_2.00","mamo","Drosophila_melanogaster","FBgn0267033","C2H2 ZF","D"
"T114403_2.00","odd","Drosophila_melanogaster","FBgn0002985","C2H2 ZF","D"
"T114404_2.00","opa","Drosophila_melanogaster","FBgn0003002","C2H2 ZF","D"
"T114405_2.00","ovo","Drosophila_melanogaster","FBgn0003028","C2H2 ZF","D"
"T114566_2.00","pad","Drosophila_melanogaster","FBgn0038418","C2H2 ZF","D"
"T114406_2.00","peb","Drosophila_melanogaster","FBgn0003053","C2H2 ZF","D"
"T114401_2.00","pho","Drosophila_melanogaster","FBgn0002521","C2H2 ZF","D"
"T114530_2.00","phol","Drosophila_melanogaster","FBgn0035997","C2H2 ZF","D"
"T114514_2.00","pita","Drosophila_melanogaster","FBgn0034878","C2H2 ZF","D"
"T127814_2.00","Q8IP13_DROME","Drosophila_melanogaster","Q8IP13_DROME","C2H2 ZF","D"
"T117235_2.00","rn","Drosophila_melanogaster","FBgn0267337","C2H2 ZF","D"
"T114420_2.00","scrt","Drosophila_melanogaster","FBgn0004880","C2H2 ZF","D"
"T114402_2.00","sens","Drosophila_melanogaster","FBgn0002573","C2H2 ZF","D"
"T114607_2.00","sens-2","Drosophila_melanogaster","FBgn0051632","C2H2 ZF","D"
"T114461_2.00","seq","Drosophila_melanogaster","FBgn0028991","C2H2 ZF","D"
"T114407_2.00","shn","Drosophila_melanogaster","FBgn0003396","C2H2 ZF","D"
"T114408_2.00","sna","Drosophila_melanogaster","FBgn0003448","C2H2 ZF","D"
"T114421_2.00","sob","Drosophila_melanogaster","FBgn0004892","C2H2 ZF","D"
"T114442_2.00","Sp1","Drosophila_melanogaster","FBgn0020378","C2H2 ZF","D"
"T114580_2.00","Spps","Drosophila_melanogaster","FBgn0039169","C2H2 ZF","D"
"T114427_2.00","sqz","Drosophila_melanogaster","FBgn0010768","C2H2 ZF","D"
"T114409_2.00","sr","Drosophila_melanogaster","FBgn0003499","C2H2 ZF","D"
"T114410_2.00","Sry-beta","Drosophila_melanogaster","FBgn0003511","C2H2 ZF","D"
"T114412_2.00","su(Hw)","Drosophila_melanogaster","FBgn0003567","C2H2 ZF","D"
"T114504_2.00","sug","Drosophila_melanogaster","FBgn0033782","C2H2 ZF","D"
"T114434_2.00","Trl","Drosophila_melanogaster","FBgn0013263","C2H2 ZF","D"
"T114414_2.00","ttk","Drosophila_melanogaster","FBgn0003870","C2H2 ZF","D"
"T117211_2.00","vfl","Drosophila_melanogaster","FBgn0259789","C2H2 ZF","D"
"T114399_2.00","wor","Drosophila_melanogaster","FBgn0001983","C2H2 ZF","D"
"T114542_2.00","Zif","Drosophila_melanogaster","FBgn0037446","C2H2 ZF","D"
"T161794_2.00","danr","Drosophila_melanogaster","FBgn0039283","CENPB","D"
"T164862_2.00","lin-28","Drosophila_melanogaster","FBgn0035626","CSD","D"
"T166147_2.00","Su(H)","Drosophila_melanogaster","FBgn0004837","CSL","D"
"T167324_2.00","ct","Drosophila_melanogaster","FBgn0004198","CUT,Homeodomain","D"
"T167325_2.00","onecut","Drosophila_melanogaster","FBgn0028996","CUT,Homeodomain","D"
"T169275_2.00","dmrt93B","Drosophila_melanogaster","FBgn0038851","DM","D"
"T169276_2.00","dmrt99B","Drosophila_melanogaster","FBgn0039683","DM","D"
"T169272_2.00","dsx","Drosophila_melanogaster","FBgn0000504","DM","D"
"T173068_2.00","E2f","Drosophila_melanogaster","FBgn0011766","E2F","D"
"T174731_2.00","kn","Drosophila_melanogaster","FBgn0001319","EBF1","D"
"T177270_2.00","aop","Drosophila_melanogaster","FBgn0000097","Ets","D"
"T177271_2.00","Eip74EF","Drosophila_melanogaster","FBgn0000567","Ets","D"
"T177276_2.00","Ets21C","Drosophila_melanogaster","FBgn0005660","Ets","D"
"T177274_2.00","Ets65A","Drosophila_melanogaster","FBgn0005658","Ets","D"
"T177280_2.00","Ets96B","Drosophila_melanogaster","FBgn0039225","Ets","D"
"T177273_2.00","Ets97D","Drosophila_melanogaster","FBgn0004510","Ets","D"
"T177275_2.00","Ets98B","Drosophila_melanogaster","FBgn0005659","Ets","D"
"T177272_2.00","pnt","Drosophila_melanogaster","FBgn0003118","Ets","D"
"T187409_2.00","bin","Drosophila_melanogaster","FBgn0045759","Forkhead","D"
"T187404_2.00","CHES-1-like","Drosophila_melanogaster","FBgn0029504","Forkhead","D"
"T187400_2.00","croc","Drosophila_melanogaster","FBgn0014143","Forkhead","D"
"T187408_2.00","fd102C","Drosophila_melanogaster","FBgn0039937","Forkhead","D"
"T187397_2.00","fd59A","Drosophila_melanogaster","FBgn0004896","Forkhead","D"
"T187396_2.00","fd64A","Drosophila_melanogaster","FBgn0004895","Forkhead","D"
"T187398_2.00","fd96Ca","Drosophila_melanogaster","FBgn0004897","Forkhead","D"
"T187393_2.00","fkh","Drosophila_melanogaster","FBgn0000659","Forkhead","D"
"T187407_2.00","foxo","Drosophila_melanogaster","FBgn0038197","Forkhead","D"
"T187605_2.00","FoxP","Drosophila_melanogaster","FBgn0262477","Forkhead","D"
"T187401_2.00","jumu","Drosophila_melanogaster","FBgn0015396","Forkhead","D"
"T187394_2.00","slp1","Drosophila_melanogaster","FBgn0003430","Forkhead","D"
"T187395_2.00","slp2","Drosophila_melanogaster","FBgn0004567","Forkhead","D"
"T193203_2.00","GATAd","Drosophila_melanogaster","FBgn0032223","GATA","D"
"T193204_2.00","GATAe","Drosophila_melanogaster","FBgn0038391","GATA","D"
"T193199_2.00","grn","Drosophila_melanogaster","FBgn0001138","GATA","D"
"T193200_2.00","pnr","Drosophila_melanogaster","FBgn0003117","GATA","D"
"T193201_2.00","srp","Drosophila_melanogaster","FBgn0003507","GATA","D"
"T198076_2.00","gcm","Drosophila_melanogaster","FBgn0014179","GCM","D"
"T198077_2.00","gcm2","Drosophila_melanogaster","FBgn0019809","GCM","D"
"T199302_2.00","gem","Drosophila_melanogaster","FBgn0050011","Grainyhead","D"
"T199324_2.00","grh","Drosophila_melanogaster","FBgn0259211","Grainyhead","D"
"T217412_2.00","abd-A","Drosophila_melanogaster","FBgn0000014","Homeodomain","D"
"T217413_2.00","Abd-B","Drosophila_melanogaster","FBgn0000015","Homeodomain","D"
"T217502_2.00","achi","Drosophila_melanogaster","FBgn0033749","Homeodomain","D"
"T217414_2.00","al","Drosophila_melanogaster","FBgn0000061","Homeodomain","D"
"T218407_2.00","Antp","Drosophila_melanogaster","FBgn0260642","Homeodomain","D"
"T217415_2.00","ap","Drosophila_melanogaster","FBgn0000099","Homeodomain","D"
"T217472_2.00","ara","Drosophila_melanogaster","FBgn0015904","Homeodomain","D"
"T217465_2.00","Awh","Drosophila_melanogaster","FBgn0013751","Homeodomain","D"
"T217451_2.00","B-H1","Drosophila_melanogaster","FBgn0011758","Homeodomain","D"
"T217442_2.00","B-H2","Drosophila_melanogaster","FBgn0004854","Homeodomain","D"
"T217443_2.00","bap","Drosophila_melanogaster","FBgn0004862","Homeodomain","D"
"T217417_2.00","bcd","Drosophila_melanogaster","FBgn0000166","Homeodomain","D"
"T217421_2.00","bsh","Drosophila_melanogaster","FBgn0000529","Homeodomain","D"
"T217468_2.00","btn","Drosophila_melanogaster","FBgn0014949","Homeodomain","D"
"T217444_2.00","C15","Drosophila_melanogaster","FBgn0004863","Homeodomain","D"
"T217418_2.00","cad","Drosophila_melanogaster","FBgn0000251","Homeodomain","D"
"T217473_2.00","caup","Drosophila_melanogaster","FBgn0015919","Homeodomain","D"
"T217499_2.00","CG11085","Drosophila_melanogaster","FBgn0030408","Homeodomain","D"
"T217498_2.00","CG11294","Drosophila_melanogaster","FBgn0030058","Homeodomain","D"
"T217500_2.00","CG11617","Drosophila_melanogaster","FBgn0031232","Homeodomain","D"
"T217507_2.00","CG15696","Drosophila_melanogaster","FBgn0038833","Homeodomain","D"
"T217506_2.00","CG18599","Drosophila_melanogaster","FBgn0038592","Homeodomain","D"
"T217592_2.00","CG2808","Drosophila_melanogaster","FBgn0085369","Homeodomain","D"
"T217521_2.00","CG32105","Drosophila_melanogaster","FBgn0052105","Homeodomain","D"
"T217522_2.00","CG32532","Drosophila_melanogaster","FBgn0052532","Homeodomain","D"
"T217523_2.00","CG34031","Drosophila_melanogaster","FBgn0054031","Homeodomain","D"
"T217505_2.00","CG4328","Drosophila_melanogaster","FBgn0036274","Homeodomain","D"
"T217593_2.00","CG5369","Drosophila_melanogaster","FBgn0085396","Homeodomain","D"
"T217504_2.00","CG9876","Drosophila_melanogaster","FBgn0034821","Homeodomain","D"
"T218411_2.00","Dbx","Drosophila_melanogaster","FBgn0261723","Homeodomain","D"
"T217419_2.00","Dfd","Drosophila_melanogaster","FBgn0000439","Homeodomain","D"
"T217416_2.00","Dll","Drosophila_melanogaster","FBgn0000157","Homeodomain","D"
"T217420_2.00","Dr","Drosophila_melanogaster","FBgn0000492","Homeodomain","D"
"T217476_2.00","dve","Drosophila_melanogaster","FBgn0020307","Homeodomain","D"
"T217446_2.00","E5","Drosophila_melanogaster","FBgn0008646","Homeodomain","D"
"T217422_2.00","ems","Drosophila_melanogaster","FBgn0000576","Homeodomain","D"
"T217423_2.00","en","Drosophila_melanogaster","FBgn0000577","Homeodomain","D"
"T217424_2.00","eve","Drosophila_melanogaster","FBgn0000606","Homeodomain","D"
"T217425_2.00","exd","Drosophila_melanogaster","FBgn0000611","Homeodomain","D"
"T217512_2.00","exex","Drosophila_melanogaster","FBgn0041156","Homeodomain","D"
"T217426_2.00","ftz","Drosophila_melanogaster","FBgn0001077","Homeodomain","D"
"T217448_2.00","Gsc","Drosophila_melanogaster","FBgn0010323","Homeodomain","D"
"T217427_2.00","H2.0","Drosophila_melanogaster","FBgn0001170","Homeodomain","D"
"T217445_2.00","hbn","Drosophila_melanogaster","FBgn0008636","Homeodomain","D"
"T217509_2.00","HGTX","Drosophila_melanogaster","FBgn0040318","Homeodomain","D"
"T217508_2.00","HHEX","Drosophila_melanogaster","FBgn0038852","Homeodomain","D"
"T218417_2.00","Hmx","Drosophila_melanogaster","FBgn0264005","Homeodomain","D"
"T217428_2.00","hth","Drosophila_melanogaster","FBgn0001235","Homeodomain","D"
"T217492_2.00","ind","Drosophila_melanogaster","FBgn0025776","Homeodomain","D"
"T217429_2.00","inv","Drosophila_melanogaster","FBgn0001269","Homeodomain","D"
"T217431_2.00","lab","Drosophila_melanogaster","FBgn0002522","Homeodomain","D"
"T217449_2.00","lbe","Drosophila_melanogaster","FBgn0011278","Homeodomain","D"
"T217447_2.00","lbl","Drosophila_melanogaster","FBgn0008651","Homeodomain","D"
"T217495_2.00","Lim1","Drosophila_melanogaster","FBgn0026411","Homeodomain","D"
"T217430_2.00","Lim3","Drosophila_melanogaster","FBgn0002023","Homeodomain","D"
"T217503_2.00","lms","Drosophila_melanogaster","FBgn0034520","Homeodomain","D"
"T217466_2.00","mirr","Drosophila_melanogaster","FBgn0014343","Homeodomain","D"
"T217484_2.00","NK7.1","Drosophila_melanogaster","FBgn0024321","Homeodomain","D"
"T217440_2.00","oc","Drosophila_melanogaster","FBgn0004102","Homeodomain","D"
"T217493_2.00","OdsH","Drosophila_melanogaster","FBgn0026058","Homeodomain","D"
"T217491_2.00","Optix","Drosophila_melanogaster","FBgn0025360","Homeodomain","D"
"T217470_2.00","otp","Drosophila_melanogaster","FBgn0015524","Homeodomain","D"
"T217520_2.00","pb","Drosophila_melanogaster","FBgn0051481","Homeodomain","D"
"T218409_2.00","pdm3","Drosophila_melanogaster","FBgn0261588","Homeodomain","D"
"T217490_2.00","PHDP","Drosophila_melanogaster","FBgn0025334","Homeodomain","D"
"T217482_2.00","Pph13","Drosophila_melanogaster","FBgn0023489","Homeodomain","D"
"T217481_2.00","Ptx1","Drosophila_melanogaster","FBgn0020912","Homeodomain","D"
"T217450_2.00","repo","Drosophila_melanogaster","FBgn0011701","Homeodomain","D"
"T217433_2.00","ro","Drosophila_melanogaster","FBgn0003267","Homeodomain","D"
"T217479_2.00","Rx","Drosophila_melanogaster","FBgn0020617","Homeodomain","D"
"T217511_2.00","schlank","Drosophila_melanogaster","FBgn0040918","Homeodomain","D"
"T217434_2.00","Scr","Drosophila_melanogaster","FBgn0003339","Homeodomain","D"
"T217497_2.00","scro","Drosophila_melanogaster","FBgn0028993","Homeodomain","D"
"T217496_2.00","Six4","Drosophila_melanogaster","FBgn0027364","Homeodomain","D"
"T217432_2.00","slou","Drosophila_melanogaster","FBgn0002941","Homeodomain","D"
"T217435_2.00","so","Drosophila_melanogaster","FBgn0003460","Homeodomain","D"
"T217441_2.00","tin","Drosophila_melanogaster","FBgn0004110","Homeodomain","D"
"T217436_2.00","tup","Drosophila_melanogaster","FBgn0003896","Homeodomain","D"
"T217437_2.00","Ubx","Drosophila_melanogaster","FBgn0003944","Homeodomain","D"
"T217483_2.00","unc-4","Drosophila_melanogaster","FBgn0024184","Homeodomain","D"
"T217471_2.00","unpg","Drosophila_melanogaster","FBgn0015561","Homeodomain","D"
"T217501_2.00","vis","Drosophila_melanogaster","FBgn0033748","Homeodomain","D"
"T218412_2.00","vnd","Drosophila_melanogaster","FBgn0261930","Homeodomain","D"
"T218415_2.00","Vsx1","Drosophila_melanogaster","FBgn0263511","Homeodomain","D"
"T218416_2.00","Vsx2","Drosophila_melanogaster","FBgn0263512","Homeodomain","D"
"T217438_2.00","zen","Drosophila_melanogaster","FBgn0004053","Homeodomain","D"
"T217439_2.00","zen2","Drosophila_melanogaster","FBgn0004054","Homeodomain","D"
"T237539_2.00","ey","Drosophila_melanogaster","FBgn0005558","Homeodomain,Paired box","D"
"T237535_2.00","eyg","Drosophila_melanogaster","FBgn0000625","Homeodomain,Paired box","D"
"T237537_2.00","gsb","Drosophila_melanogaster","FBgn0001148","Homeodomain,Paired box","D"
"T237536_2.00","gsb-n","Drosophila_melanogaster","FBgn0001147","Homeodomain,Paired box","D"
"T237538_2.00","prd","Drosophila_melanogaster","FBgn0003145","Homeodomain,Paired box","D"
"T237543_2.00","toe","Drosophila_melanogaster","FBgn0036285","Homeodomain,Paired box","D"
"T237541_2.00","toy","Drosophila_melanogaster","FBgn0019650","Homeodomain,Paired box","D"
"T238713_2.00","acj6","Drosophila_melanogaster","FBgn0000028","Homeodomain,POU","D"
"T238719_2.00","nub","Drosophila_melanogaster","FBgn0085424","Homeodomain,POU","D"
"T238714_2.00","pdm2","Drosophila_melanogaster","FBgn0004394","Homeodomain,POU","D"
"T238720_2.00","vvl","Drosophila_melanogaster","FBgn0086680","Homeodomain,POU","D"
"T240538_2.00","Hsf","Drosophila_melanogaster","FBgn0001222","HSF","D"
"T248451_2.00","Adf1","Drosophila_melanogaster","FBgn0000054","MADF","D"
"T248471_2.00","CG10904","Drosophila_melanogaster","FBgn0034945","MADF","D"
"T248489_2.00","CG11504","Drosophila_melanogaster","FBgn0039733","MADF","D"
"T248456_2.00","CG12155","Drosophila_melanogaster","FBgn0029957","MADF","D"
"T248483_2.00","CG12768","Drosophila_melanogaster","FBgn0037206","MADF","D"
"T248460_2.00","CG15601","Drosophila_melanogaster","FBgn0030673","MADF","D"
"T248464_2.00","CG3838","Drosophila_melanogaster","FBgn0032130","MADF","D"
"T248481_2.00","CG3919","Drosophila_melanogaster","FBgn0036423","MADF","D"
"T248458_2.00","CG4404","Drosophila_melanogaster","FBgn0030432","MADF","D"
"T248491_2.00","CG5180","Drosophila_melanogaster","FBgn0043457","MADF","D"
"T248465_2.00","CG5953","Drosophila_melanogaster","FBgn0032587","MADF","D"
"T248486_2.00","CG6276","Drosophila_melanogaster","FBgn0038316","MADF","D"
"T248467_2.00","CG7745","Drosophila_melanogaster","FBgn0033616","MADF","D"
"T248476_2.00","CG8281","Drosophila_melanogaster","FBgn0035824","MADF","D"
"T248482_2.00","CG8765","Drosophila_melanogaster","FBgn0036900","MADF","D"
"T249053_2.00","Coop","Drosophila_melanogaster","FBgn0263240","MADF","D"
"T248490_2.00","Dip3","Drosophila_melanogaster","FBgn0040465","MADF","D"
"T248470_2.00","hng1","Drosophila_melanogaster","FBgn0034599","MADF","D"
"T248474_2.00","hng3","Drosophila_melanogaster","FBgn0035160","MADF","D"
"T248487_2.00","jigr1","Drosophila_melanogaster","FBgn0039350","MADF","D"
"T248484_2.00","Mes2","Drosophila_melanogaster","FBgn0037207","MADF","D"
"T253974_2.00","bs","Drosophila_melanogaster","FBgn0004101","MADS box","D"
"T253975_2.00","Mef2","Drosophila_melanogaster","FBgn0011656","MADS box","D"
"T260522_2.00","egg","Drosophila_melanogaster","FBgn0086908","MBD","D"
"T270567_2.00","Myb","Drosophila_melanogaster","FBgn0002914","Myb/SANT","D"
"T270568_2.00","z","Drosophila_melanogaster","FBgn0004050","Myb/SANT","D"
"T300576_2.00","stc","Drosophila_melanogaster","FBgn0001978","NFX","D"
"T305283_2.00","dsf","Drosophila_melanogaster","FBgn0015381","Nuclear receptor","D"
"T305267_2.00","EcR","Drosophila_melanogaster","FBgn0000546","Nuclear receptor","D"
"T305268_2.00","eg","Drosophila_melanogaster","FBgn0000560","Nuclear receptor","D"
"T305269_2.00","Eip75B","Drosophila_melanogaster","FBgn0000568","Nuclear receptor","D"
"T305276_2.00","Eip78C","Drosophila_melanogaster","FBgn0004865","Nuclear receptor","D"
"T305286_2.00","ERR","Drosophila_melanogaster","FBgn0035849","Nuclear receptor","D"
"T305270_2.00","ftz-f1","Drosophila_melanogaster","FBgn0001078","Nuclear receptor","D"
"T305277_2.00","Hnf4","Drosophila_melanogaster","FBgn0004914","Nuclear receptor","D"
"T305280_2.00","Hr38","Drosophila_melanogaster","FBgn0014859","Nuclear receptor","D"
"T305521_2.00","Hr39","Drosophila_melanogaster","FBgn0261239","Nuclear receptor","D"
"T305522_2.00","Hr4","Drosophila_melanogaster","FBgn0264562","Nuclear receptor","D"
"T305266_2.00","Hr46","Drosophila_melanogaster","FBgn0000448","Nuclear receptor","D"
"T305285_2.00","Hr51","Drosophila_melanogaster","FBgn0034012","Nuclear receptor","D"
"T305281_2.00","Hr78","Drosophila_melanogaster","FBgn0015239","Nuclear receptor","D"
"T305287_2.00","Hr83","Drosophila_melanogaster","FBgn0037436","Nuclear receptor","D"
"T305282_2.00","Hr96","Drosophila_melanogaster","FBgn0015240","Nuclear receptor","D"
"T305271_2.00","kni","Drosophila_melanogaster","FBgn0001320","Nuclear receptor","D"
"T305272_2.00","knrl","Drosophila_melanogaster","FBgn0001323","Nuclear receptor","D"
"T305273_2.00","svp","Drosophila_melanogaster","FBgn0003651","Nuclear receptor","D"
"T305274_2.00","tll","Drosophila_melanogaster","FBgn0003720","Nuclear receptor","D"
"T305275_2.00","usp","Drosophila_melanogaster","FBgn0003964","Nuclear receptor","D"
"T311867_2.00","Poxm","Drosophila_melanogaster","FBgn0003129","Paired box","D"
"T311868_2.00","Poxn","Drosophila_melanogaster","FBgn0003130","Paired box","D"
"T311869_2.00","sv","Drosophila_melanogaster","FBgn0005561","Paired box","D"
"T313653_2.00","bab1","Drosophila_melanogaster","FBgn0004870","Pipsqueak","D"
"T313747_2.00","BtbVII","Drosophila_melanogaster","FBgn0263108","Pipsqueak","D"
"T313748_2.00","Eip93F","Drosophila_melanogaster","FBgn0264490","Pipsqueak","D"
"T313656_2.00","pfk","Drosophila_melanogaster","FBgn0035405","Pipsqueak","D"
"T313652_2.00","rib","Drosophila_melanogaster","FBgn0003254","Pipsqueak","D"
"T317601_2.00","Dif","Drosophila_melanogaster","FBgn0011274","Rel","D"
"T317647_2.00","dl","Drosophila_melanogaster","FBgn0260632","Rel","D"
"T317602_2.00","Rel","Drosophila_melanogaster","FBgn0014018","Rel","D"
"T318582_2.00","Rfx","Drosophila_melanogaster","FBgn0020379","RFX","D"
"T319521_2.00","lz","Drosophila_melanogaster","FBgn0002576","Runt","D"
"T319522_2.00","run","Drosophila_melanogaster","FBgn0003300","Runt","D"
"T321961_2.00","Deaf1","Drosophila_melanogaster","FBgn0013799","SAND","D"
"T325046_2.00","Mad","Drosophila_melanogaster","FBgn0011648","SMAD","D"
"T325047_2.00","Med","Drosophila_melanogaster","FBgn0011655","SMAD","D"
"T325051_2.00","NfI","Drosophila_melanogaster","FBgn0042696","SMAD","D"
"T329510_2.00","bbx","Drosophila_melanogaster","FBgn0024251","Sox","D"
"T329519_2.00","CG7046","Drosophila_melanogaster","FBgn0038979","Sox","D"
"T329829_2.00","cic","Drosophila_melanogaster","FBgn0262582","Sox","D"
"T329501_2.00","D","Drosophila_melanogaster","FBgn0000411","Sox","D"
"T329550_2.00","pan","Drosophila_melanogaster","FBgn0085432","Sox","D"
"T329522_2.00","Sox102F","Drosophila_melanogaster","FBgn0039938","Sox","D"
"T329503_2.00","Sox14","Drosophila_melanogaster","FBgn0005612","Sox","D"
"T329504_2.00","Sox15","Drosophila_melanogaster","FBgn0005613","Sox","D"
"T329516_2.00","Sox21a","Drosophila_melanogaster","FBgn0036411","Sox","D"
"T329523_2.00","Sox21b","Drosophila_melanogaster","FBgn0042630","Sox","D"
"T329513_2.00","SoxN","Drosophila_melanogaster","FBgn0029123","Sox","D"
"T329517_2.00","TFAM","Drosophila_melanogaster","FBgn0038805","Sox","D"
"T337737_2.00","Stat92E","Drosophila_melanogaster","FBgn0016917","STAT","D"
"T340626_2.00","byn","Drosophila_melanogaster","FBgn0011723","T-box","D"
"T340632_2.00","Doc2","Drosophila_melanogaster","FBgn0035956","T-box","D"
"T340631_2.00","Doc3","Drosophila_melanogaster","FBgn0035954","T-box","D"
"T340723_2.00","mid","Drosophila_melanogaster","FBgn0261963","T-box","D"
"T340629_2.00","org-1","Drosophila_melanogaster","FBgn0021767","T-box","D"
"T346700_2.00","sd","Drosophila_melanogaster","FBgn0003345","TEA","D"
"T348787_2.00","CG14860","Drosophila_melanogaster","FBgn0038273","THAP finger","D"
"T350332_2.00","Asciz","Drosophila_melanogaster","FBgn0035407","Unknown","D"
"T350325_2.00","ash2","Drosophila_melanogaster","FBgn0000139","Unknown","D"
"T350328_2.00","Bgb","Drosophila_melanogaster","FBgn0013753","Unknown","D"
"T350333_2.00","CG4956","Drosophila_melanogaster","FBgn0039370","Unknown","D"
"T350329_2.00","CG7818","Drosophila_melanogaster","FBgn0032016","Unknown","D"
"T350335_2.00","Chrac-14","Drosophila_melanogaster","FBgn0043002","Unknown","D"
"T350326_2.00","disco","Drosophila_melanogaster","FBgn0000459","Unknown","D"
"T350334_2.00","disco-r","Drosophila_melanogaster","FBgn0042650","Unknown","D"
"T350331_2.00","maf-S","Drosophila_melanogaster","FBgn0034534","Unknown","D"
"T350336_2.00","sima","Drosophila_melanogaster","FBgn0266411","Unknown","D"
"T350330_2.00","YL-1","Drosophila_melanogaster","FBgn0032321","Unknown","D"
"T017469_2.00","D1","Drosophila_melanogaster","FBgn0000412","AT hook","I"
"T038410_2.00","HLH3B","Drosophila_melanogaster","FBgn0011276","bHLH","I"
"T159342_2.00","CG43689","Drosophila_melanogaster","FBgn0263772","C2HC ZF","I"
"T159975_2.00","Nf-YA","Drosophila_melanogaster","FBgn0035993","CBF/NF-Y","I"
"T161795_2.00","dan","Drosophila_melanogaster","FBgn0039286","CENPB","I"
"T164861_2.00","yps","Drosophila_melanogaster","FBgn0022959","CSD","I"
"T168410_2.00","Kdm2","Drosophila_melanogaster","FBgn0037659","CxxC","I"
"T169274_2.00","dmrt11E","Drosophila_melanogaster","FBgn0030477","DM","I"
"T173067_2.00","Dp","Drosophila_melanogaster","FBgn0011763","E2F","I"
"T173069_2.00","E2f2","Drosophila_melanogaster","FBgn0024371","E2F","I"
"T187405_2.00","fd19B","Drosophila_melanogaster","FBgn0031086","Forkhead","I"
"T187406_2.00","fd68A","Drosophila_melanogaster","FBgn0036134","Forkhead","I"
"T187399_2.00","fd96Cb","Drosophila_melanogaster","FBgn0004898","Forkhead","I"
"T222836_2.00","Q2PE40_DROME","Drosophila_melanogaster","Q2PE40_DROME","Homeodomain","I"
"T270637_2.00","Cdc5","Drosophila_melanogaster","FBgn0265574","Myb/SANT","I"
"T313654_2.00","bab2","Drosophila_melanogaster","FBgn0025525","Pipsqueak","I"
"T318583_2.00","CG9727","Drosophila_melanogaster","FBgn0037445","RFX","I"
"T319527_2.00","RunxA","Drosophila_melanogaster","FBgn0083981","Runt","I"
"T319568_2.00","RunxB","Drosophila_melanogaster","FBgn0259162","Runt","I"
"T329518_2.00","CG7045","Drosophila_melanogaster","FBgn0038978","Sox","I"
"T329505_2.00","HmgZ","Drosophila_melanogaster","FBgn0010228","Sox","I"
"T329511_2.00","Sox100B","Drosophila_melanogaster","FBgn0024288","Sox","I"
"T340625_2.00","bi","Drosophila_melanogaster","FBgn0000179","T-box","I"
"T340630_2.00","Doc1","Drosophila_melanogaster","FBgn0028789","T-box","I"
"T340627_2.00","H15","Drosophila_melanogaster","FBgn0016660","T-box","I"
"T342470_2.00","Tbp","Drosophila_melanogaster","FBgn0003687","TBP","I"
"T345356_2.00","mip120","Drosophila_melanogaster","FBgn0033846","TCR/CxC","I"
"T345355_2.00","tomb","Drosophila_melanogaster","FBgn0031715","TCR/CxC","I"
"T000022_2.00","Pink1","Drosophila_melanogaster","FBgn0029891","ABF1","N"
"T011049_2.00","Blos1","Drosophila_melanogaster","FBgn0050077","AP-2","N"
"T014865_2.00","CG34422","Drosophila_melanogaster","FBgn0085451","ARID/BRIGHT","N"
"T014860_2.00","Jarid2","Drosophila_melanogaster","FBgn0036004","ARID/BRIGHT","N"
"T014859_2.00","lid","Drosophila_melanogaster","FBgn0031759","ARID/BRIGHT","N"
"T014927_2.00","osa","Drosophila_melanogaster","FBgn0261885","ARID/BRIGHT","N"
"T016899_2.00","Bap170","Drosophila_melanogaster","FBgn0042085","ARID/BRIGHT,RFX","N"
"T026342_2.00","CG12684","Drosophila_melanogaster","FBgn0029717","BED ZF","N"
"T026343_2.00","CG13775","Drosophila_melanogaster","FBgn0031874","BED ZF","N"
"T026347_2.00","CG14050","Drosophila_melanogaster","FBgn0040392","BED ZF","N"
"T026346_2.00","CG15514","Drosophila_melanogaster","FBgn0039712","BED ZF","N"
"T026344_2.00","CG15708","Drosophila_melanogaster","FBgn0034099","BED ZF","N"
"T026340_2.00","CG16863","Drosophila_melanogaster","FBgn0028931","BED ZF","N"
"T026345_2.00","CG3995","Drosophila_melanogaster","FBgn0038472","BED ZF","N"
"T025075_2.00","CG9890","Drosophila_melanogaster","FBgn0034814","BED ZF,C2H2 ZF","N"
"T038389_2.00","emc","Drosophila_melanogaster","FBgn0000575","bHLH","N"
"T039052_2.00","gce","Drosophila_melanogaster","FBgn0261703","bHLH","N"
"T039053_2.00","trh","Drosophila_melanogaster","FBgn0262139","bHLH","N"
"T062066_2.00","Bsg25D","Drosophila_melanogaster","FBgn0000228","bZIP","N"
"T062083_2.00","CG13624","Drosophila_melanogaster","FBgn0039209","bZIP","N"
"T062084_2.00","CG5934","Drosophila_melanogaster","FBgn0039505","bZIP","N"
"T062080_2.00","geminin","Drosophila_melanogaster","FBgn0033081","bZIP","N"
"T062293_2.00","Pif1A","Drosophila_melanogaster","FBgn0261015","bZIP","N"
"T062100_2.00","spn-F","Drosophila_melanogaster","FBgn0086362","bZIP","N"
"T114588_2.00","ATbp","Drosophila_melanogaster","FBgn0039946","C2H2 ZF","N"
"T114392_2.00","cg","Drosophila_melanogaster","FBgn0000289","C2H2 ZF","N"
"T114528_2.00","CG10147","Drosophila_melanogaster","FBgn0035702","C2H2 ZF","N"
"T114526_2.00","CG10274","Drosophila_melanogaster","FBgn0035690","C2H2 ZF","N"
"T114513_2.00","CG10321","Drosophila_melanogaster","FBgn0034643","C2H2 ZF","N"
"T114493_2.00","CG10348","Drosophila_melanogaster","FBgn0032707","C2H2 ZF","N"
"T114495_2.00","CG10366","Drosophila_melanogaster","FBgn0032814","C2H2 ZF","N"
"T114496_2.00","CG10462","Drosophila_melanogaster","FBgn0032815","C2H2 ZF","N"
"T114512_2.00","CG10543","Drosophila_melanogaster","FBgn0034570","C2H2 ZF","N"
"T114582_2.00","CG10669","Drosophila_melanogaster","FBgn0039329","C2H2 ZF","N"
"T114473_2.00","CG10959","Drosophila_melanogaster","FBgn0030010","C2H2 ZF","N"
"T114539_2.00","CG11247","Drosophila_melanogaster","FBgn0037120","C2H2 ZF","N"
"T114590_2.00","CG11398","Drosophila_melanogaster","FBgn0040366","C2H2 ZF","N"
"T114516_2.00","CG11414","Drosophila_melanogaster","FBgn0035024","C2H2 ZF","N"
"T114537_2.00","CG11456","Drosophila_melanogaster","FBgn0037031","C2H2 ZF","N"
"T114478_2.00","CG11695","Drosophila_melanogaster","FBgn0030316","C2H2 ZF","N"
"T114477_2.00","CG11696","Drosophila_melanogaster","FBgn0030314","C2H2 ZF","N"
"T114545_2.00","CG11762","Drosophila_melanogaster","FBgn0037618","C2H2 ZF","N"
"T114458_2.00","CG11902","Drosophila_melanogaster","FBgn0028647","C2H2 ZF","N"
"T114549_2.00","CG11966","Drosophila_melanogaster","FBgn0037645","C2H2 ZF","N"
"T114586_2.00","CG12071","Drosophila_melanogaster","FBgn0039808","C2H2 ZF","N"
"T114491_2.00","CG12299","Drosophila_melanogaster","FBgn0032295","C2H2 ZF","N"
"T114518_2.00","CG1233","Drosophila_melanogaster","FBgn0035137","C2H2 ZF","N"
"T114503_2.00","CG12391","Drosophila_melanogaster","FBgn0033581","C2H2 ZF","N"
"T114500_2.00","CG12744","Drosophila_melanogaster","FBgn0033459","C2H2 ZF","N"
"T114502_2.00","CG12942","Drosophila_melanogaster","FBgn0033569","C2H2 ZF","N"
"T114490_2.00","CG13123","Drosophila_melanogaster","FBgn0032150","C2H2 ZF","N"
"T114524_2.00","CG13287","Drosophila_melanogaster","FBgn0035643","C2H2 ZF","N"
"T114525_2.00","CG13296","Drosophila_melanogaster","FBgn0035687","C2H2 ZF","N"
"T114581_2.00","CG13617","Drosophila_melanogaster","FBgn0039201","C2H2 ZF","N"
"T114466_2.00","CG14441","Drosophila_melanogaster","FBgn0029895","C2H2 ZF","N"
"T114540_2.00","CG14655","Drosophila_melanogaster","FBgn0037275","C2H2 ZF","N"
"T114558_2.00","CG14710","Drosophila_melanogaster","FBgn0037920","C2H2 ZF","N"
"T114560_2.00","CG14711","Drosophila_melanogaster","FBgn0037922","C2H2 ZF","N"
"T114511_2.00","CG15073","Drosophila_melanogaster","FBgn0034379","C2H2 ZF","N"
"T114459_2.00","CG15269","Drosophila_melanogaster","FBgn0028878","C2H2 ZF","N"
"T114483_2.00","CG1529","Drosophila_melanogaster","FBgn0031144","C2H2 ZF","N"
"T114472_2.00","CG15336","Drosophila_melanogaster","FBgn0030009","C2H2 ZF","N"
"T114488_2.00","CG15436","Drosophila_melanogaster","FBgn0031610","C2H2 ZF","N"
"T114484_2.00","CG15446","Drosophila_melanogaster","FBgn0031155","C2H2 ZF","N"
"T114509_2.00","CG15710","Drosophila_melanogaster","FBgn0034120","C2H2 ZF","N"
"T114584_2.00","CG1647","Drosophila_melanogaster","FBgn0039602","C2H2 ZF","N"
"T114499_2.00","CG1663","Drosophila_melanogaster","FBgn0033449","C2H2 ZF","N"
"T114550_2.00","CG16779","Drosophila_melanogaster","FBgn0037698","C2H2 ZF","N"
"T114460_2.00","CG17328","Drosophila_melanogaster","FBgn0028895","C2H2 ZF","N"
"T114534_2.00","CG17359","Drosophila_melanogaster","FBgn0036396","C2H2 ZF","N"
"T114533_2.00","CG17361","Drosophila_melanogaster","FBgn0036395","C2H2 ZF","N"
"T114505_2.00","CG17385","Drosophila_melanogaster","FBgn0033934","C2H2 ZF","N"
"T114494_2.00","CG17568","Drosophila_melanogaster","FBgn0032763","C2H2 ZF","N"
"T114487_2.00","CG17612","Drosophila_melanogaster","FBgn0031597","C2H2 ZF","N"
"T114570_2.00","CG17801","Drosophila_melanogaster","FBgn0038550","C2H2 ZF","N"
"T114567_2.00","CG17803","Drosophila_melanogaster","FBgn0038547","C2H2 ZF","N"
"T114568_2.00","CG17806","Drosophila_melanogaster","FBgn0038548","C2H2 ZF","N"
"T114452_2.00","CG17829","Drosophila_melanogaster","FBgn0025635","C2H2 ZF","N"
"T114587_2.00","CG1792","Drosophila_melanogaster","FBgn0039860","C2H2 ZF","N"
"T114501_2.00","CG18011","Drosophila_melanogaster","FBgn0033491","C2H2 ZF","N"
"T114474_2.00","CG18262","Drosophila_melanogaster","FBgn0030012","C2H2 ZF","N"
"T114536_2.00","CG18265","Drosophila_melanogaster","FBgn0036725","C2H2 ZF","N"
"T114562_2.00","CG18476","Drosophila_melanogaster","FBgn0037931","C2H2 ZF","N"
"T114595_2.00","CG18764","Drosophila_melanogaster","FBgn0042205","C2H2 ZF","N"
"T114469_2.00","CG2116","Drosophila_melanogaster","FBgn0030003","C2H2 ZF","N"
"T114470_2.00","CG2120","Drosophila_melanogaster","FBgn0030005","C2H2 ZF","N"
"T114471_2.00","CG2129","Drosophila_melanogaster","FBgn0030008","C2H2 ZF","N"
"T114520_2.00","CG2199","Drosophila_melanogaster","FBgn0035213","C2H2 ZF","N"
"T114476_2.00","CG2202","Drosophila_melanogaster","FBgn0030240","C2H2 ZF","N"
"T114436_2.00","CG2678","Drosophila_melanogaster","FBgn0014931","C2H2 ZF","N"
"T114450_2.00","CG2712","Drosophila_melanogaster","FBgn0024975","C2H2 ZF","N"
"T114475_2.00","CG2889","Drosophila_melanogaster","FBgn0030206","C2H2 ZF","N"
"T114600_2.00","CG30020","Drosophila_melanogaster","FBgn0050020","C2H2 ZF","N"
"T114467_2.00","CG3032","Drosophila_melanogaster","FBgn0029928","C2H2 ZF","N"
"T114601_2.00","CG30431","Drosophila_melanogaster","FBgn0050431","C2H2 ZF","N"
"T114603_2.00","CG31224","Drosophila_melanogaster","FBgn0051224","C2H2 ZF","N"
"T114604_2.00","CG31365","Drosophila_melanogaster","FBgn0051365","C2H2 ZF","N"
"T114606_2.00","CG31441","Drosophila_melanogaster","FBgn0051441","C2H2 ZF","N"
"T114608_2.00","CG32121","Drosophila_melanogaster","FBgn0052121","C2H2 ZF","N"
"T114609_2.00","CG32767","Drosophila_melanogaster","FBgn0052767","C2H2 ZF","N"
"T114610_2.00","CG32772","Drosophila_melanogaster","FBgn0052772","C2H2 ZF","N"
"T117213_2.00","CG3281","Drosophila_melanogaster","FBgn0260741","C2H2 ZF","N"
"T114465_2.00","CG3847","Drosophila_melanogaster","FBgn0029867","C2H2 ZF","N"
"T117216_2.00","CG42675","Drosophila_melanogaster","FBgn0261561","C2H2 ZF","N"
"T117219_2.00","CG42726","Drosophila_melanogaster","FBgn0261679","C2H2 ZF","N"
"T114508_2.00","CG4282","Drosophila_melanogaster","FBgn0034114","C2H2 ZF","N"
"T114479_2.00","CG4318","Drosophila_melanogaster","FBgn0030455","C2H2 ZF","N"
"T117224_2.00","CG43347","Drosophila_melanogaster","FBgn0263072","C2H2 ZF","N"
"T114579_2.00","CG4374","Drosophila_melanogaster","FBgn0039078","C2H2 ZF","N"
"T117230_2.00","CG44002","Drosophila_melanogaster","FBgn0264744","C2H2 ZF","N"
"T114489_2.00","CG4496","Drosophila_melanogaster","FBgn0031894","C2H2 ZF","N"
"T114517_2.00","CG4707","Drosophila_melanogaster","FBgn0035036","C2H2 ZF","N"
"T114583_2.00","CG4730","Drosophila_melanogaster","FBgn0039355","C2H2 ZF","N"
"T114556_2.00","CG4820","Drosophila_melanogaster","FBgn0037876","C2H2 ZF","N"
"T114576_2.00","CG4936","Drosophila_melanogaster","FBgn0038768","C2H2 ZF","N"
"T114563_2.00","CG5245","Drosophila_melanogaster","FBgn0038047","C2H2 ZF","N"
"T114555_2.00","CG6254","Drosophila_melanogaster","FBgn0037794","C2H2 ZF","N"
"T114565_2.00","CG6654","Drosophila_melanogaster","FBgn0038301","C2H2 ZF","N"
"T114557_2.00","CG6791","Drosophila_melanogaster","FBgn0037918","C2H2 ZF","N"
"T114559_2.00","CG6808","Drosophila_melanogaster","FBgn0037921","C2H2 ZF","N"
"T114561_2.00","CG6813","Drosophila_melanogaster","FBgn0037923","C2H2 ZF","N"
"T114482_2.00","CG7101","Drosophila_melanogaster","FBgn0030963","C2H2 ZF","N"
"T114571_2.00","CG7357","Drosophila_melanogaster","FBgn0038551","C2H2 ZF","N"
"T114535_2.00","CG7372","Drosophila_melanogaster","FBgn0036522","C2H2 ZF","N"
"T114572_2.00","CG7691","Drosophila_melanogaster","FBgn0038626","C2H2 ZF","N"
"T114543_2.00","CG7963","Drosophila_melanogaster","FBgn0037584","C2H2 ZF","N"
"T114564_2.00","CG7987","Drosophila_melanogaster","FBgn0038244","C2H2 ZF","N"
"T114506_2.00","CG8089","Drosophila_melanogaster","FBgn0033993","C2H2 ZF","N"
"T114546_2.00","CG8159","Drosophila_melanogaster","FBgn0037619","C2H2 ZF","N"
"T114551_2.00","CG8301","Drosophila_melanogaster","FBgn0037717","C2H2 ZF","N"
"T114507_2.00","CG8388","Drosophila_melanogaster","FBgn0034062","C2H2 ZF","N"
"T114553_2.00","CG8478","Drosophila_melanogaster","FBgn0037746","C2H2 ZF","N"
"T114480_2.00","CG9215","Drosophila_melanogaster","FBgn0030659","C2H2 ZF","N"
"T114481_2.00","CG9609","Drosophila_melanogaster","FBgn0030787","C2H2 ZF","N"
"T114468_2.00","CG9650","Drosophila_melanogaster","FBgn0029939","C2H2 ZF","N"
"T114782_2.00","chinmo","Drosophila_melanogaster","FBgn0086758","C2H2 ZF","N"
"T114439_2.00","chn","Drosophila_melanogaster","FBgn0015371","C2H2 ZF","N"
"T114437_2.00","CkIIalpha-i1","Drosophila_melanogaster","FBgn0015025","C2H2 ZF","N"
"T114389_2.00","Cp190","Drosophila_melanogaster","FBgn0000283","C2H2 ZF","N"
"T114448_2.00","drm","Drosophila_melanogaster","FBgn0024244","C2H2 ZF","N"
"T114393_2.00","dwg","Drosophila_melanogaster","FBgn0000520","C2H2 ZF","N"
"T117212_2.00","E(var)3-9","Drosophila_melanogaster","FBgn0260243","C2H2 ZF","N"
"T114418_2.00","elB","Drosophila_melanogaster","FBgn0004858","C2H2 ZF","N"
"T114463_2.00","fu2","Drosophila_melanogaster","FBgn0029173","C2H2 ZF","N"
"T114394_2.00","grau","Drosophila_melanogaster","FBgn0001133","C2H2 ZF","N"
"T114599_2.00","ham","Drosophila_melanogaster","FBgn0045852","C2H2 ZF","N"
"T114455_2.00","hang","Drosophila_melanogaster","FBgn0026575","C2H2 ZF","N"
"T114593_2.00","key","Drosophila_melanogaster","FBgn0041205","C2H2 ZF","N"
"T117233_2.00","Kr-h1","Drosophila_melanogaster","FBgn0266450","C2H2 ZF","N"
"T114548_2.00","M1BP","Drosophila_melanogaster","FBgn0037621","C2H2 ZF","N"
"T114454_2.00","Meics","Drosophila_melanogaster","FBgn0025874","C2H2 ZF","N"
"T114521_2.00","MEP-1","Drosophila_melanogaster","FBgn0035357","C2H2 ZF","N"
"T114510_2.00","MESR4","Drosophila_melanogaster","FBgn0034240","C2H2 ZF","N"
"T117227_2.00","mld","Drosophila_melanogaster","FBgn0263490","C2H2 ZF","N"
"T114589_2.00","MTF-1","Drosophila_melanogaster","FBgn0040305","C2H2 ZF","N"
"T114462_2.00","nerfin-1","Drosophila_melanogaster","FBgn0028999","C2H2 ZF","N"
"T114592_2.00","nerfin-2","Drosophila_melanogaster","FBgn0041105","C2H2 ZF","N"
"T114538_2.00","Neu2","Drosophila_melanogaster","FBgn0037085","C2H2 ZF","N"
"T114426_2.00","noc","Drosophila_melanogaster","FBgn0005771","C2H2 ZF","N"
"T117217_2.00","Oaz","Drosophila_melanogaster","FBgn0261613","C2H2 ZF","N"
"T114602_2.00","Opbp","Drosophila_melanogaster","FBgn0050443","C2H2 ZF","N"
"T114492_2.00","Plzf","Drosophila_melanogaster","FBgn0032401","C2H2 ZF","N"
"T117231_2.00","pre-lola-G","Drosophila_melanogaster","FBgn0264817","C2H2 ZF","N"
"T117210_2.00","pzg","Drosophila_melanogaster","FBgn0259785","C2H2 ZF","N"
"T114547_2.00","ranshi","Drosophila_melanogaster","FBgn0037620","C2H2 ZF","N"
"T117218_2.00","salm","Drosophila_melanogaster","FBgn0261648","C2H2 ZF","N"
"T114391_2.00","salr","Drosophila_melanogaster","FBgn0000287","C2H2 ZF","N"
"T114411_2.00","Sry-delta","Drosophila_melanogaster","FBgn0003512","C2H2 ZF","N"
"T114554_2.00","topi","Drosophila_melanogaster","FBgn0037751","C2H2 ZF","N"
"T114575_2.00","trem","Drosophila_melanogaster","FBgn0038767","C2H2 ZF","N"
"T114413_2.00","tsh","Drosophila_melanogaster","FBgn0003866","C2H2 ZF","N"
"T114415_2.00","ush","Drosophila_melanogaster","FBgn0003963","C2H2 ZF","N"
"T114424_2.00","wdn","Drosophila_melanogaster","FBgn0005642","C2H2 ZF","N"
"T114400_2.00","wek","Drosophila_melanogaster","FBgn0001990","C2H2 ZF","N"
"T114444_2.00","zf30C","Drosophila_melanogaster","FBgn0022720","C2H2 ZF","N"
"T076055_2.00","zfh1","Drosophila_melanogaster","FBgn0004606","C2H2 ZF,Homeodomain","N"
"T076056_2.00","zfh2","Drosophila_melanogaster","FBgn0004607","C2H2 ZF,Homeodomain","N"
"T076505_2.00","az2","Drosophila_melanogaster","FBgn0025185","C2H2 ZF,MADF","N"
"T076508_2.00","CG1602","Drosophila_melanogaster","FBgn0033186","C2H2 ZF,MADF","N"
"T076507_2.00","CG1603","Drosophila_melanogaster","FBgn0033185","C2H2 ZF,MADF","N"
"T076506_2.00","CG8944","Drosophila_melanogaster","FBgn0030680","C2H2 ZF,MADF","N"
"T076577_2.00","rgr","Drosophila_melanogaster","FBgn0267792","C2H2 ZF,MADF","N"
"T077038_2.00","CG10431","Drosophila_melanogaster","FBgn0032730","C2H2 ZF,THAP finger","N"
"T077039_2.00","CG6689","Drosophila_melanogaster","FBgn0037877","C2H2 ZF,THAP finger","N"
"T159317_2.00","chm","Drosophila_melanogaster","FBgn0028387","C2HC ZF","N"
"T161790_2.00","cag","Drosophila_melanogaster","FBgn0017414","CENPB","N"
"T161792_2.00","CG13895","Drosophila_melanogaster","FBgn0035158","CENPB","N"
"T161796_2.00","CG30401","Drosophila_melanogaster","FBgn0050401","CENPB","N"
"T161791_2.00","ebd1","Drosophila_melanogaster","FBgn0035153","CENPB","N"
"T161793_2.00","ebd2","Drosophila_melanogaster","FBgn0037076","CENPB","N"
"T163171_2.00","Camta","Drosophila_melanogaster","FBgn0259234","CG-1","N"
"T164863_2.00","CG9705","Drosophila_melanogaster","FBgn0036661","CSD","N"
"T164897_2.00","Unr","Drosophila_melanogaster","FBgn0263352","CSD","N"
"T168409_2.00","Cfp1","Drosophila_melanogaster","FBgn0030121","CxxC","N"
"T168444_2.00","Tet","Drosophila_melanogaster","FBgn0263392","CxxC","N"
"T182902_2.00","CG34376","Drosophila_melanogaster","FBgn0085405","FLYWCH","N"
"T183087_2.00","gfzf","Drosophila_melanogaster","FBgn0250732","FLYWCH","N"
"T182898_2.00","mod(mdg4)","Drosophila_melanogaster","FBgn0002781","FLYWCH","N"
"T183107_2.00","pre-mod(mdg4)-AA","Drosophila_melanogaster","FBgn0267650","FLYWCH","N"
"T183098_2.00","pre-mod(mdg4)-AB","Drosophila_melanogaster","FBgn0266171","FLYWCH","N"
"T183092_2.00","pre-mod(mdg4)-AD","Drosophila_melanogaster","FBgn0261841","FLYWCH","N"
"T183093_2.00","pre-mod(mdg4)-AE","Drosophila_melanogaster","FBgn0261842","FLYWCH","N"
"T183104_2.00","pre-mod(mdg4)-B","Drosophila_melanogaster","FBgn0266178","FLYWCH","N"
"T183105_2.00","pre-mod(mdg4)-G","Drosophila_melanogaster","FBgn0267648","FLYWCH","N"
"T183106_2.00","pre-mod(mdg4)-H","Drosophila_melanogaster","FBgn0267649","FLYWCH","N"
"T183103_2.00","pre-mod(mdg4)-I","Drosophila_melanogaster","FBgn0266177","FLYWCH","N"
"T183102_2.00","pre-mod(mdg4)-J","Drosophila_melanogaster","FBgn0266176","FLYWCH","N"
"T183099_2.00","pre-mod(mdg4)-K","Drosophila_melanogaster","FBgn0266173","FLYWCH","N"
"T183100_2.00","pre-mod(mdg4)-L","Drosophila_melanogaster","FBgn0266174","FLYWCH","N"
"T183109_2.00","pre-mod(mdg4)-N","Drosophila_melanogaster","FBgn0267652","FLYWCH","N"
"T183108_2.00","pre-mod(mdg4)-O","Drosophila_melanogaster","FBgn0267651","FLYWCH","N"
"T183101_2.00","pre-mod(mdg4)-P","Drosophila_melanogaster","FBgn0266175","FLYWCH","N"
"T183088_2.00","pre-mod(mdg4)-T","Drosophila_melanogaster","FBgn0261837","FLYWCH","N"
"T183096_2.00","pre-mod(mdg4)-U","Drosophila_melanogaster","FBgn0261845","FLYWCH","N"
"T183095_2.00","pre-mod(mdg4)-V","Drosophila_melanogaster","FBgn0261844","FLYWCH","N"
"T183094_2.00","pre-mod(mdg4)-W","Drosophila_melanogaster","FBgn0261843","FLYWCH","N"
"T183091_2.00","pre-mod(mdg4)-X","Drosophila_melanogaster","FBgn0261840","FLYWCH","N"
"T183090_2.00","pre-mod(mdg4)-Y","Drosophila_melanogaster","FBgn0261839","FLYWCH","N"
"T183089_2.00","pre-mod(mdg4)-Z","Drosophila_melanogaster","FBgn0261838","FLYWCH","N"
"T187410_2.00","CG32006","Drosophila_melanogaster","FBgn0052006","Forkhead","N"
"T187402_2.00","Crg-1","Drosophila_melanogaster","FBgn0021738","Forkhead","N"
"T187607_2.00","fd3F","Drosophila_melanogaster","FBgn0264954","Forkhead","N"
"T193202_2.00","MTA1-like","Drosophila_melanogaster","FBgn0027951","GATA","N"
"T240539_2.00","comr","Drosophila_melanogaster","FBgn0034667","HSF","N"
"T248455_2.00","ADD1","Drosophila_melanogaster","FBgn0026573","MADF","N"
"T248469_2.00","CG10151","Drosophila_melanogaster","FBgn0033960","MADF","N"
"T248466_2.00","CG10949","Drosophila_melanogaster","FBgn0032858","MADF","N"
"T248463_2.00","CG11723","Drosophila_melanogaster","FBgn0031391","MADF","N"
"T248461_2.00","CG12609","Drosophila_melanogaster","FBgn0030952","MADF","N"
"T248468_2.00","CG13204","Drosophila_melanogaster","FBgn0033627","MADF","N"
"T248488_2.00","CG14252","Drosophila_melanogaster","FBgn0039462","MADF","N"
"T248462_2.00","CG14352","Drosophila_melanogaster","FBgn0031351","MADF","N"
"T248492_2.00","CG30403","Drosophila_melanogaster","FBgn0050403","MADF","N"
"T248493_2.00","CG30428","Drosophila_melanogaster","FBgn0050428","MADF","N"
"T248494_2.00","CG31627","Drosophila_melanogaster","FBgn0051627","MADF","N"
"T248472_2.00","CG3163","Drosophila_melanogaster","FBgn0034961","MADF","N"
"T248495_2.00","CG33017","Drosophila_melanogaster","FBgn0053017","MADF","N"
"T248473_2.00","CG3386","Drosophila_melanogaster","FBgn0035152","MADF","N"
"T248457_2.00","CG4004","Drosophila_melanogaster","FBgn0030418","MADF","N"
"T249051_2.00","CG42526","Drosophila_melanogaster","FBgn0260431","MADF","N"
"T249055_2.00","CG45071","Drosophila_melanogaster","FBgn0266441","MADF","N"
"T248479_2.00","CG6163","Drosophila_melanogaster","FBgn0036155","MADF","N"
"T248478_2.00","CG6175","Drosophila_melanogaster","FBgn0036152","MADF","N"
"T248477_2.00","CG6683","Drosophila_melanogaster","FBgn0035902","MADF","N"
"T248459_2.00","CG8119","Drosophila_melanogaster","FBgn0030664","MADF","N"
"T248475_2.00","CG9948","Drosophila_melanogaster","FBgn0035721","MADF","N"
"T248452_2.00","Hmr","Drosophila_melanogaster","FBgn0001206","MADF","N"
"T248485_2.00","hng2","Drosophila_melanogaster","FBgn0037634","MADF","N"
"T248454_2.00","l(3)j2D3","Drosophila_melanogaster","FBgn0011335","MADF","N"
"T248480_2.00","ssp","Drosophila_melanogaster","FBgn0036248","MADF","N"
"T248453_2.00","stwl","Drosophila_melanogaster","FBgn0003459","MADF","N"
"T260515_2.00","MBD-like","Drosophila_melanogaster","FBgn0027950","MBD","N"
"T260514_2.00","sba","Drosophila_melanogaster","FBgn0016754","MBD","N"
"T260516_2.00","tou","Drosophila_melanogaster","FBgn0033636","MBD","N"
"T261916_2.00","MBD-R2","Drosophila_melanogaster","FBgn0038016","MBD,THAP finger","N"
"T262634_2.00","CG15390","Drosophila_melanogaster","FBgn0031419","mTERF","N"
"T262635_2.00","mTerf3","Drosophila_melanogaster","FBgn0037008","mTERF","N"
"T262636_2.00","mTerf5","Drosophila_melanogaster","FBgn0038584","mTERF","N"
"T262633_2.00","mTTF","Drosophila_melanogaster","FBgn0028530","mTERF","N"
"T270569_2.00","Atac1","Drosophila_melanogaster","FBgn0031876","Myb/SANT","N"
"T270570_2.00","CG10565","Drosophila_melanogaster","FBgn0037051","Myb/SANT","N"
"T270571_2.00","Pbp95","Drosophila_melanogaster","FBgn0037540","Myb/SANT","N"
"T299842_2.00","CG3328","Drosophila_melanogaster","FBgn0034985","Ndt80/PhoG","N"
"T300577_2.00","CG15011","Drosophila_melanogaster","FBgn0035518","NFX","N"
"T311174_2.00","p53","Drosophila_melanogaster","FBgn0039044","p53","N"
"T313655_2.00","CG3726","Drosophila_melanogaster","FBgn0029824","Pipsqueak","N"
"T313751_2.00","lov","Drosophila_melanogaster","FBgn0266129","Pipsqueak","N"
"T313746_2.00","psq","Drosophila_melanogaster","FBgn0263102","Pipsqueak","N"
"T316577_2.00","pros","Drosophila_melanogaster","FBgn0004595","Prospero","N"
"T317605_2.00","NFAT","Drosophila_melanogaster","FBgn0030505","Rel","N"
"T325050_2.00","CG15395","Drosophila_melanogaster","FBgn0031440","SMAD","N"
"T325048_2.00","Dad","Drosophila_melanogaster","FBgn0020493","SMAD","N"
"T325049_2.00","Smox","Drosophila_melanogaster","FBgn0025800","SMAD","N"
"T329515_2.00","CG12104","Drosophila_melanogaster","FBgn0035238","Sox","N"
"T329521_2.00","CG15510","Drosophila_melanogaster","FBgn0039707","Sox","N"
"T329524_2.00","CG30356","Drosophila_melanogaster","FBgn0050356","Sox","N"
"T329514_2.00","dalao","Drosophila_melanogaster","FBgn0030093","Sox","N"
"T329507_2.00","Dsp1","Drosophila_melanogaster","FBgn0011764","Sox","N"
"T329512_2.00","Hmg-2","Drosophila_melanogaster","FBgn0026582","Sox","N"
"T329502_2.00","HmgD","Drosophila_melanogaster","FBgn0004362","Sox","N"
"T329508_2.00","Mst35Ba","Drosophila_melanogaster","FBgn0013300","Sox","N"
"T329509_2.00","Mst35Bb","Drosophila_melanogaster","FBgn0013301","Sox","N"
"T329520_2.00","polybromo","Drosophila_melanogaster","FBgn0039227","Sox","N"
"T329506_2.00","Ssrp","Drosophila_melanogaster","FBgn0010278","Sox","N"
"T342473_2.00","CG15398","Drosophila_melanogaster","FBgn0031446","TBP","N"
"T342472_2.00","CG9879","Drosophila_melanogaster","FBgn0031444","TBP","N"
"T342471_2.00","Trf","Drosophila_melanogaster","FBgn0010287","TBP","N"
"T342542_2.00","Trf2","Drosophila_melanogaster","FBgn0261793","TBP","N"
"T348782_2.00","bip1","Drosophila_melanogaster","FBgn0026263","THAP finger","N"
"T348783_2.00","CG10631","Drosophila_melanogaster","FBgn0032817","THAP finger","N"
"T348784_2.00","CG13894","Drosophila_melanogaster","FBgn0035157","THAP finger","N"
"T348786_2.00","CG14135","Drosophila_melanogaster","FBgn0036193","THAP finger","N"
"T348785_2.00","CG14965","Drosophila_melanogaster","FBgn0035414","THAP finger","N"
"T348788_2.00","Dip2","Drosophila_melanogaster","FBgn0040466","THAP finger","N"
